instructorID,firstName,lastName,email,telephone,password,carMake,carModel,carTransmisson,carReg,daysAvailable
1,John,Silva,js@protonmail.com,07715580414,NGIONIstRiBr,Lincoln,Continental,Manual,SG07OOJ,1,1,1,1,1,1,1
2,Jenny,Mack,jm@gmail.com,07957352448,escryPeDeofu,Ford,Focus,Automatic,KL09LEX,1,1,1,1,1,1,1
3,Smithy,Knowles,sk@yahoo.co.uk,07971500582,red432,Peugeot,208,Manual,VC02KYQ,1,1,1,1,1,1,1
4,Deacon,Edwards,de@hotmail.com,07865820855,OplEhOdUlOY,Renault,Clio,Automatic,OB30XZQ,1,1,1,1,1,1,1
5,Sam,Sulek,ss@gmail.com,07807760248,HeRchnUtOne,Chevrolet,Malibu,Automatic,WD53AZQ,1,1,1,1,1,1,1
6,Greg,Bisping,gb@yahoo.com,07887429509,CIVeRviSKArB,Toyota,Supra,Manual,KT42ERY,1,1,1,1,1,1,1
7,Mike,Aspinall,ma@outlook.com,07710681924,grAGnOBStAB,BMW,M3,Manual,KF04RGR,1,1,1,1,1,1,1
8,Chris,Duncan,cd@gmail.com,07977429334,DSMatimHenMa,Mercedes,GLE,Manual,AD42LCL,1,1,1,1,1,1,1
9,Hanley,Bernard,hb@hotmail.com,07847890418,RATCHANENDiSc,Kia,Sorento,Manual,YG02URK,1,1,1,1,1,1,1
10,Stanley,Morgan,sm@yahoo.com,07023595665,welUsEsIGHT,Audi,Q5,Manual,VB28AMR,1,1,1,1,1,1,1
11,Lyndon,Gane,lg@@icloud.com,07039648699,ERaBletRiaLg,Ford,Focus,Automatic,MC08CIS,1,1,1,1,1,1,1
12,George,Nyugen,gn@nord.com,07873278298,VaLdrIntm,Volkswagen,GTI,Automatic,WL28YVD,1,1,1,1,1,1,1
13,Adrian,Vera,av@hotmail.com,07754633897,RsurCuELEIT,Volvo,XC90,Automatic,VB31FQO,1,1,1,1,1,1,1
14,Liam,Neeson,ln@crypto.com,07838408892,waRIOlDREC,Nissan,Qashqai,Manual,YJ31GDS,1,1,1,1,1,1,1
15,Tyson,Fury,tf@outlook.com,07033305400,AntHESbons,Opel,Corsa,Automatic,WE75DRT,1,1,1,1,1,1,1
16,Tyron,Woodley,tw@myspace.com,07065738521,iMeRCAtErS,Hyundai,Tucson,Manual,FL62GIJ,1,1,1,1,1,1,1
17,Charles,Oliveria,co@verizon.com,07941487956,iNGSaIrAtiMEn,Citroen,C3,Automatic,ST42CBX,1,1,1,1,1,1,1
18,Fenton,Fetahu,ff@yahoo.com,07853158803,oaDIOnDUEn,Saab,Aero,Automatic,SO06WWF,1,1,1,1,1,1,1
19,Anderson,Lee,al@hotmail.com,07717376295,HESTypoTha,Volvo,S90,Automatic,WL06DNN,1,1,1,1,1,1,1
20,Abdurahmon,Kamariddin,ak@testemail.com,07098765432,freesmoke34,Lincoln,Continental,Manual,TOOF4ST,1,1,1,1,1,1,1
