memberID,firstName,lastName,email,telephone,password,transmission,instructorID,packageHours
1,Bo,Nickal,bonick@gmail.com,07557000040,red432,Automatic,10,0
2,Rafael,Dos Anjos,rafaeldos@gmail.com,07699005000,tug67459f,Automatic,4,0
3,Daniel,Cormier,danielcorm@gmail.com,07543000900,jeffrey6758,Manual,2,0
4,Holly,Holmes,hollyholm@gmail.com,07100078000,tntsports67,Automatic,16,0
5,Kayla,Harrison,kaylaharr@gmail.com,07132000500,minecraft99,Manual,13,0
6,Amanda,Nunez,amandanune@gmail.com,07068000600,charlesjref,Automatic,17,0
7,Dana,White,danawhit@gmail.com,07900008000,fightpromo567,Manual,15,0
8,Lenovo,Thinkpad,lenovothin@gmail.com,07433000000,goodstuff738,Automatic,4,0
9,Toyo,Tires,toyotire@gmail.com,07657000070,besttires4564,Manual,15,0
10,Bud,Light,budligh@gmail.com,07656002000,badbeer84093,Manual,8,0
11,Cerveza,Corona,cervezacoro@gmail.com,07989000000,goodbeer3232,Manual,6,0
12,Anthony,Hernandez,anthonyhern@gmail.com,07833000000,idk3544,Automatic,3,0
13,Jorge,Masvidal,jorgemasv@gmail.com,07546000200,bmff4er,Automatic,10,0
14,Jiri ,Projaska,jiriproj@gmail.com,07656000500,samurai839,Automatic,12,0
15,Dylan ,Miller,dylanmill@gmail.com,07855020000,guy382,Automatic,11,0
16,Abdurahmon,Kamariddin,ak@email.com,07123456789,green567,Automatic,0,0
